City_ID,City,Country,Lat,Lng,Max Temp,Humidity,Cloudiness,Wind Speed,Current Description
0,Kirkwall,GB,58.9848,-2.9587,43.14,81,75,19.57,broken clouds
1,Jardim,BR,-21.4803,-56.1381,83.88,34,64,6.44,broken clouds
2,Kapaa,US,22.0752,-159.319,71.92,74,20,14.97,few clouds
3,Pangnirtung,CA,66.1451,-65.7125,-29.2,62,75,5.75,broken clouds
4,Busselton,AU,-33.65,115.3333,62.1,68,86,9.53,overcast clouds
5,Rikitea,PF,-23.1203,-134.9692,77.94,77,4,13.71,light rain
6,Punta Arenas,CL,-53.15,-70.9167,57.22,93,0,8.05,clear sky
7,Airai,TL,-8.9266,125.4092,62.15,94,97,1.99,overcast clouds
8,Te Anau,NZ,-45.4167,167.7167,45.43,87,1,1.97,clear sky
9,Lata,PT,40.1629,-8.3327,70.07,36,0,4.56,clear sky
10,Vaini,TO,-21.2,-175.2,75.36,100,100,6.91,light rain
11,Matcha,RU,54.6335,42.3501,27.28,95,100,10.25,overcast clouds
12,Clyde River,CA,70.4692,-68.5914,-34.37,67,20,5.75,few clouds
13,Talnakh,RU,69.4865,88.3972,-24.61,98,69,5.91,broken clouds
14,Jamestown,US,42.097,-79.2353,27.99,47,0,8.05,clear sky
15,Flinders,AU,-34.5833,150.8552,66.18,79,66,10.0,broken clouds
16,Ambon,ID,-3.6954,128.1814,78.94,89,40,4.61,light rain
17,Naze,JP,28.3667,129.4833,57.87,73,100,15.55,light rain
18,Longyearbyen,SJ,78.2186,15.6401,15.64,79,75,8.05,broken clouds
19,Ushuaia,AR,-54.8,-68.3,69.46,49,0,4.61,clear sky
20,Pevek,RU,69.7008,170.3133,-26.25,97,24,2.13,few clouds
21,Wanning,CN,18.8003,110.3967,69.6,92,81,1.81,broken clouds
22,Pimentel,PE,-6.8367,-79.9342,73.69,68,0,4.61,clear sky
23,Sorland,NO,67.667,12.6934,35.46,87,40,16.11,light rain
24,Los Llanos De Aridane,ES,28.6585,-17.9182,65.95,68,20,14.97,few clouds
25,Hilo,US,19.7297,-155.09,67.8,94,20,5.75,few clouds
26,Ginda,IN,30.6945,78.4932,40.17,77,69,2.62,broken clouds
27,Avarua,CK,-21.2078,-159.775,78.85,78,40,16.11,scattered clouds
28,Fort-Shevchenko,KZ,44.5086,50.263,34.38,75,89,12.93,overcast clouds
29,Namibe,AO,-15.1961,12.1522,80.31,58,30,16.53,scattered clouds
30,Sitka,US,57.0531,-135.33,40.89,87,100,10.36,light rain
31,Pemangkat,ID,1.1667,108.9667,79.38,83,100,2.35,overcast clouds
32,Saint George,US,37.1041,-113.5841,43.36,52,0,5.75,clear sky
33,Margate,GB,51.3813,1.3862,50.97,59,11,14.12,few clouds
34,Mataura,NZ,-46.1927,168.8643,46.47,99,13,1.5,few clouds
35,Ancud,CL,-41.8697,-73.8203,70.23,71,25,2.48,scattered clouds
36,Nikolskoye,RU,59.7035,30.7861,35.71,98,100,7.78,snow
37,Nazas,MX,25.2333,-104.1333,41.31,43,0,6.06,clear sky
38,Nurota,UZ,40.5614,65.6886,39.29,78,100,7.52,overcast clouds
39,Iqaluit,CA,63.7506,-68.5145,-20.31,75,100,0.0,light snow
40,Mehamn,NO,71.0357,27.8492,26.78,74,0,27.63,clear sky
41,Hermanus,ZA,-34.4187,19.2345,78.91,73,92,8.41,overcast clouds
42,Atherton,GB,53.5237,-2.4935,53.69,90,100,1.99,overcast clouds
43,Mahebourg,MU,-20.4081,57.7,82.69,74,75,11.5,broken clouds
44,Lake Havasu City,US,34.4839,-114.3224,54.21,23,0,4.61,clear sky
45,Korla,CN,41.7597,86.1469,27.3,41,88,6.82,overcast clouds
46,Esperance,AU,-33.8667,121.9,63.75,66,1,25.7,clear sky
47,Bethel,US,41.3712,-73.414,34.38,87,100,0.0,snow
48,Lompoc,US,34.6391,-120.4579,55.13,73,0,10.36,clear sky
49,Omsk,RU,55.0,73.4,4.89,65,0,8.99,clear sky
50,Ilulissat,GL,69.2167,-51.1,8.62,78,100,12.66,light shower snow
51,Minbu,MM,20.1833,94.8833,71.65,29,15,4.32,few clouds
52,Khatanga,RU,71.9667,102.5,-20.94,97,100,9.55,overcast clouds
53,Sisophon,KH,13.5859,102.9737,86.14,47,27,3.87,scattered clouds
54,Victoria,HK,22.2855,114.1577,63.03,83,86,3.0,overcast clouds
55,Muromtsevo,RU,56.3724,75.2418,6.58,88,25,8.28,scattered clouds
56,Hambantota,LK,6.1241,81.1185,79.5,75,100,7.85,overcast clouds
57,Pedasi,PA,7.5333,-80.0333,83.07,75,18,16.11,few clouds
58,Norman Wells,CA,65.282,-126.8329,-18.36,69,100,19.57,light snow
59,Pangai,TO,-19.8,-174.35,78.26,82,100,22.17,light rain
60,Bredasdorp,ZA,-34.5322,20.0403,76.32,57,90,11.5,overcast clouds
61,Xining,CN,36.6167,101.7667,15.96,64,19,2.68,few clouds
62,Wahiawa,US,21.5028,-158.0236,70.12,76,16,10.87,few clouds
63,Qaanaaq,GL,77.484,-69.3632,-2.78,65,100,6.62,overcast clouds
64,Saint-Leu,RE,-21.15,55.2833,81.46,82,100,6.35,light rain
65,New Norfolk,AU,-42.7826,147.0587,62.1,69,1,1.48,clear sky
66,San Quintin,MX,30.4833,-115.95,55.4,40,0,2.17,clear sky
67,Ugento,IT,39.9263,18.1574,57.96,65,73,18.7,broken clouds
68,Sept-Iles,CA,50.2001,-66.3821,11.05,83,100,8.05,overcast clouds
69,Bud,US,39.447,-86.1758,27.25,76,67,8.48,broken clouds
70,Cosala,MX,24.4125,-106.6908,53.64,48,0,4.7,clear sky
71,Mount Darwin,ZW,-16.7725,31.5838,76.53,71,69,4.5,light rain
72,Bratsk,RU,56.1325,101.6142,7.29,100,82,4.03,broken clouds
73,San Leandro,US,37.7249,-122.1561,55.58,74,100,4.0,fog
74,Port Alfred,ZA,-33.5906,26.891,81.09,61,0,8.72,clear sky
75,Hovd,MN,48.0056,91.6419,-11.2,77,3,3.51,clear sky
76,Labuhan,ID,-6.8844,112.2051,79.29,81,100,8.08,overcast clouds
77,Mar Del Plata,AR,-38.0023,-57.5575,72.09,76,100,14.0,overcast clouds
78,Pasni,PK,25.2631,63.471,71.53,74,0,10.2,clear sky
79,Salalah,OM,17.0151,54.0924,82.49,16,0,18.41,clear sky
80,Pacific Grove,US,36.6177,-121.9166,56.57,65,0,4.61,clear sky
81,Mapiripan,CO,2.8892,-72.1256,82.62,60,100,4.05,overcast clouds
82,Biak,ID,-0.9131,122.8766,76.69,80,82,2.39,broken clouds
83,Golspie,GB,57.9727,-3.978,51.55,85,100,15.1,overcast clouds
84,Luanda,AO,-8.8368,13.2343,80.53,68,56,15.61,broken clouds
85,Hithadhoo,MV,-0.6,73.0833,82.85,68,100,14.09,overcast clouds
86,Itoman,JP,26.1247,127.6694,68.4,73,100,17.27,overcast clouds
87,Channel-Port Aux Basques,CA,47.5702,-59.1367,23.16,63,100,18.68,overcast clouds
88,Wadena,US,46.4425,-95.1361,5.25,85,100,4.61,overcast clouds
89,Puerto Escondido,MX,15.85,-97.0667,72.43,94,0,8.05,smoke
90,Lebu,CL,-37.6167,-73.65,64.69,76,5,12.59,clear sky
91,Dingle,PH,10.9995,122.6711,76.33,84,5,9.06,clear sky
92,Agapovka,RU,53.2973,59.1348,11.41,97,100,0.83,light snow
93,Narsaq,GL,60.9167,-46.05,10.62,56,100,30.38,overcast clouds
94,Yellowknife,CA,62.456,-114.3525,-3.59,91,100,6.91,light snow
95,Hasaki,JP,35.7333,140.8333,36.0,45,89,7.81,overcast clouds
96,Egvekinot,RU,66.3167,-179.1667,-20.96,85,8,12.77,clear sky
97,Upernavik,GL,72.7868,-56.1549,-7.42,94,100,7.96,overcast clouds
98,Dikson,RU,73.5069,80.5464,-6.27,95,100,25.46,overcast clouds
99,Tasiilaq,GL,65.6145,-37.6368,26.76,55,100,56.86,overcast clouds
100,Madang,PG,-5.2246,145.7966,77.34,92,100,4.0,overcast clouds
101,Petropavlovsk-Kamchatskiy,RU,53.0452,158.6483,28.99,93,100,15.66,shower snow
102,Atuona,PF,-9.8,-139.0333,78.3,76,29,19.8,scattered clouds
103,Rio Gallegos,AR,-51.6226,-69.2181,77.05,27,75,17.27,broken clouds
104,Kahului,US,20.8947,-156.47,72.84,79,0,8.05,clear sky
105,Cuamba,MZ,-14.8031,36.5372,79.72,77,56,3.98,light rain
106,Albany,US,42.6001,-73.9662,33.31,84,100,3.0,overcast clouds
107,Cape Town,ZA,-33.9258,18.4232,83.26,43,45,10.33,scattered clouds
108,Hobart,AU,-42.8794,147.3294,62.46,78,100,10.36,overcast clouds
109,Broken Hill,AU,-31.95,141.4333,78.24,28,86,12.15,overcast clouds
110,Hohhot,CN,40.8106,111.6522,8.89,40,0,4.47,clear sky
111,Passo Fundo,BR,-28.2628,-52.4067,67.59,49,0,7.61,clear sky
112,Barrow,US,71.2906,-156.7887,-27.38,68,40,8.05,scattered clouds
113,Tiksi,RU,71.6872,128.8694,-22.13,98,99,8.08,overcast clouds
114,Severo-Kurilsk,RU,50.6789,156.125,28.15,82,82,4.07,broken clouds
115,Port Lincoln,AU,-34.7333,135.8667,76.77,53,44,18.1,scattered clouds
116,Husavik,IS,66.0449,-17.3389,33.71,67,100,18.5,overcast clouds
117,Carnarvon,AU,-24.8667,113.6333,74.64,64,0,27.25,clear sky
118,Padang,ID,-0.9492,100.3543,78.53,78,82,2.82,broken clouds
119,Kiunga,PG,-6.1219,141.2906,77.45,90,100,2.73,overcast clouds
120,Kieta,PG,-6.2167,155.6333,81.23,85,100,8.12,overcast clouds
121,Puerto Ayora,EC,-0.7393,-90.3518,76.96,89,11,1.99,few clouds
122,Butaritari,KI,3.0707,172.7902,81.86,76,89,17.18,overcast clouds
123,Tamiahua,MX,21.2667,-97.45,58.21,86,100,12.21,overcast clouds
124,Mount Gambier,AU,-37.8333,140.7667,67.91,52,0,10.36,clear sky
125,Saskylakh,RU,71.9167,114.0833,-19.14,99,83,6.89,broken clouds
126,Ribeira Grande,PT,38.5167,-28.7,63.0,72,40,14.97,scattered clouds
127,Santa Isabel,BR,-23.3156,-46.2214,74.91,96,100,1.9,light rain
128,Gravdal,NO,68.1214,13.5031,35.28,93,75,6.91,broken clouds
129,Ostrovnoy,RU,68.0531,39.5131,14.59,86,97,16.58,overcast clouds
130,Dzaoudzi,YT,-12.7887,45.2699,76.89,83,99,8.05,overcast clouds
131,Blackfoot,US,43.1905,-112.345,17.38,94,33,4.43,scattered clouds
132,Provideniya,RU,64.3833,-173.3,-14.53,86,2,10.51,clear sky
133,Lilongwe,MW,-13.9669,33.7873,82.6,54,20,5.75,light rain
134,Port Elizabeth,ZA,-33.918,25.5701,85.1,53,1,10.38,clear sky
135,Mozarlandia,BR,-14.7447,-50.5706,76.87,84,100,0.81,overcast clouds
136,Fort Nelson,CA,58.8053,-122.7002,26.19,86,100,3.44,overcast clouds
137,Gat,IL,31.61,34.7642,64.4,100,0,6.55,clear sky
138,Bontang,ID,0.1333,117.5,79.21,84,100,10.87,overcast clouds
139,Aklavik,CA,68.2191,-135.0107,-33.77,85,100,17.11,overcast clouds
140,Uglovskoye,RU,51.3557,80.1942,15.85,79,6,11.72,clear sky
141,Bajil,YE,15.0584,43.2851,78.35,67,100,7.87,overcast clouds
142,Buritis,BR,-15.6178,-46.4233,70.03,91,100,1.05,light rain
143,Ulladulla,AU,-35.35,150.4667,63.88,85,78,5.88,broken clouds
144,Springbok,ZA,-29.6643,17.8865,88.68,23,63,14.36,broken clouds
145,Kautokeino,NO,69.0125,23.0412,0.63,100,57,5.08,broken clouds
146,Prince Rupert,CA,54.3161,-130.3201,42.89,87,100,13.8,light rain
147,Taoudenni,ML,22.6783,-3.9836,82.35,7,0,10.42,clear sky
148,Sao Jose Da Coroa Grande,BR,-8.8978,-35.1478,85.46,57,51,9.01,broken clouds
149,Arraial Do Cabo,BR,-22.9661,-42.0278,89.56,58,40,14.97,scattered clouds
150,Wajir,KE,1.7471,40.0573,98.56,25,20,3.44,few clouds
151,Cairns,AU,-16.9167,145.7667,76.95,81,100,9.22,overcast clouds
152,Issa,RU,53.8705,44.8578,25.21,93,98,7.52,overcast clouds
153,Bekovo,RU,52.4663,43.712,28.69,89,100,9.98,overcast clouds
154,Genhe,CN,50.7833,121.5167,-12.03,100,96,1.79,overcast clouds
155,Galveston,US,29.3669,-94.9669,48.15,89,100,8.79,overcast clouds
156,Mackenzie,CA,55.2999,-123.1698,35.82,80,75,14.97,broken clouds
157,Oistins,BB,13.0667,-59.5333,82.49,69,40,20.71,scattered clouds
158,Saldanha,ZA,-33.0117,17.9442,68.49,79,79,14.92,broken clouds
159,Hofn,IS,64.2539,-15.2082,33.82,80,75,26.46,light snow
160,Katsuura,JP,35.1333,140.3,42.91,44,41,2.95,scattered clouds
161,Vila Velha,BR,-20.3297,-40.2925,84.15,77,40,11.5,scattered clouds
162,Dawlatabad,AF,36.4141,64.9053,48.0,64,100,4.74,overcast clouds
163,Lorengau,PG,-2.0226,147.2712,81.45,80,100,5.41,overcast clouds
164,Chokurdakh,RU,70.6333,147.9167,-44.68,100,94,4.47,overcast clouds
165,Tuktoyaktuk,CA,69.4541,-133.0374,-32.8,68,20,16.11,mist
166,Tamandare,BR,-8.7597,-35.1047,85.59,56,75,8.57,broken clouds
167,Galle,LK,6.0367,80.217,79.16,76,100,6.15,overcast clouds
168,Hirara,JP,24.8,125.2833,70.3,75,89,23.58,overcast clouds
169,Daru,PG,-9.0763,143.2092,80.8,82,100,6.62,overcast clouds
170,Souillac,MU,-20.5167,57.5167,82.78,74,75,11.5,broken clouds
171,Yola,NG,9.2,12.4833,94.82,20,33,5.75,scattered clouds
172,Talavera De La Reina,ES,39.9635,-4.8308,58.6,30,0,6.15,clear sky
173,Tessalit,ML,20.1986,1.0114,80.71,6,0,4.41,clear sky
174,Piacabucu,BR,-10.4056,-36.4344,87.42,56,3,10.74,clear sky
175,Vila Franca Do Campo,PT,37.7167,-25.4333,63.01,67,69,11.56,broken clouds
176,Igarka,RU,67.4667,86.5833,-32.22,100,42,3.56,scattered clouds
177,Georgetown,MY,5.4112,100.3354,80.53,90,20,3.44,few clouds
178,Ishigaki,JP,24.3448,124.1572,70.9,77,99,20.15,overcast clouds
179,Bluff,NZ,-46.6,168.3333,47.8,84,7,7.76,clear sky
180,Olafsvik,IS,64.8945,-23.7142,32.41,63,100,33.04,light snow
181,Qianjiang,CN,30.4151,112.8859,31.98,91,64,5.7,broken clouds
182,Camacupa,AO,-12.0167,17.4833,65.34,73,100,4.72,overcast clouds
183,Sao Filipe,CV,14.8961,-24.4956,74.5,67,2,6.38,clear sky
184,Tilichiki,RU,60.4667,166.1,-13.29,86,8,8.72,clear sky
185,Onokhoy,RU,51.932,108.0747,8.35,93,100,1.43,overcast clouds
186,Ahipara,NZ,-35.1667,173.1667,72.77,98,100,5.77,overcast clouds
187,Ust-Kulom,RU,61.6864,53.6902,16.32,90,100,6.51,overcast clouds
188,Castro,BR,-24.7911,-50.0119,73.89,64,37,1.48,scattered clouds
189,Thompson,CA,55.7435,-97.8558,3.36,85,100,8.05,overcast clouds
190,Saint-Philippe,RE,-21.3585,55.7679,81.99,86,100,13.82,light rain
191,Berlevag,NO,70.8578,29.0864,23.0,74,0,24.16,clear sky
192,Nome,US,64.5011,-165.4064,-9.33,54,0,11.5,clear sky
193,Bengkulu,ID,-3.8004,102.2655,77.13,85,32,8.41,scattered clouds
194,Farah,AF,32.5,62.5,50.45,32,0,3.22,clear sky
195,Westport,US,41.1415,-73.3579,36.32,93,100,6.91,mist
196,Haines Junction,CA,60.7522,-137.5108,13.32,98,100,3.76,overcast clouds
197,Ketchikan,US,55.3422,-131.6461,43.27,87,100,5.75,overcast clouds
198,Qui Nhon,VN,13.7667,109.2333,74.12,90,7,2.21,clear sky
199,Bambous Virieux,MU,-20.3428,57.7575,82.65,74,75,11.5,broken clouds
200,Meulaboh,ID,4.1363,96.1285,76.69,84,100,6.26,overcast clouds
201,Otane,NZ,-39.8833,176.6333,65.01,99,100,2.68,overcast clouds
202,Ballina,AU,-28.8667,153.5667,66.16,86,75,9.22,broken clouds
203,Chuy,UY,-33.6971,-53.4616,70.27,68,76,15.35,broken clouds
204,Christchurch,NZ,-43.5333,172.6333,59.95,78,100,2.3,overcast clouds
205,Beringovskiy,RU,63.05,179.3167,-18.63,96,24,11.03,few clouds
206,Kargasok,RU,59.0556,80.8572,-3.66,100,34,5.86,scattered clouds
207,Tazovskiy,RU,67.4667,78.7,-17.86,100,95,6.67,overcast clouds
208,Kodiak,US,57.79,-152.4072,26.11,68,0,5.75,clear sky
209,Cayhagan,PH,9.6697,122.4256,78.8,79,62,10.22,broken clouds
210,Znamenskoye,RU,57.1281,73.8282,11.08,89,33,8.57,scattered clouds
211,Najran,SA,17.4924,44.1277,66.85,22,5,16.42,clear sky
212,Tura,IN,25.5198,90.2201,53.64,77,3,2.75,clear sky
213,Marzuq,YE,14.4,46.4667,76.17,27,8,5.37,clear sky
214,Luderitz,NA,-26.6481,15.1594,77.7,62,4,7.87,clear sky
215,East London,ZA,-33.0153,27.9116,83.34,69,0,12.66,clear sky
216,Klaksvik,FO,62.2266,-6.589,43.72,77,100,35.68,overcast clouds
217,Sri Aman,MY,1.2376,111.4621,78.85,94,94,0.0,overcast clouds
218,Celestun,MX,20.8667,-90.4,72.37,80,3,5.86,clear sky
219,Kavaratti,IN,10.5669,72.642,78.73,69,13,11.23,few clouds
220,Havre-Saint-Pierre,CA,50.2334,-63.5986,14.59,78,100,14.97,overcast clouds
221,Bilibino,RU,68.0546,166.4372,-16.24,76,11,4.7,few clouds
222,Talcahuano,CL,-36.7167,-73.1167,60.48,82,100,9.22,overcast clouds
223,Nancha,CN,47.1333,129.2667,-1.66,99,93,2.57,overcast clouds
224,Half Moon Bay,US,37.4636,-122.4286,55.51,93,100,6.91,mist
225,Bad Hersfeld,DE,50.8667,9.7,45.81,75,7,13.78,clear sky
226,Harper,LR,4.375,-7.7169,84.13,67,99,7.58,light rain
227,Fortuna,US,40.5982,-124.1573,42.66,97,100,0.0,overcast clouds
228,Muisne,EC,0.6,-80.0333,75.31,89,99,2.13,light rain
229,Lasa,IT,46.6166,10.7002,44.62,79,99,12.17,overcast clouds
230,Saint-Francois,FR,46.4154,3.9054,51.67,51,0,9.22,clear sky
231,Yulara,AU,-25.2406,130.9889,78.64,44,100,5.75,overcast clouds
232,Ust-Kan,RU,50.9276,84.761,2.44,85,29,3.94,scattered clouds
233,Palu,ID,-0.8917,119.8707,76.62,87,100,1.86,overcast clouds
234,Fort Myers Beach,US,26.452,-81.9481,64.0,93,1,4.23,clear sky
235,Mus,TR,39.0,41.75,12.24,92,6,1.97,clear sky
236,Port Maria,JM,18.3685,-76.8895,80.56,80,71,10.98,moderate rain
237,Kruisfontein,ZA,-34.0033,24.7314,81.88,28,8,9.53,clear sky
238,Lakes Entrance,AU,-37.8811,147.981,56.16,89,3,9.4,clear sky
239,Atambua,ID,-9.1061,124.8925,76.3,82,100,1.88,overcast clouds
240,Konosha,RU,60.9736,40.257,13.01,95,99,6.17,overcast clouds
241,Diphu,IN,25.8333,93.4333,56.84,74,38,0.96,scattered clouds
242,Ketou,BJ,7.3633,2.5998,99.88,17,82,3.29,broken clouds
243,Yenagoa,NG,4.9247,6.2642,101.77,25,14,1.99,few clouds
244,Trinidad,BO,-14.8333,-64.9,78.78,73,75,9.22,broken clouds
245,Saint Anthony,US,45.0205,-93.218,1.96,82,0,4.61,clear sky
246,Igrim,RU,63.1906,64.4162,1.56,98,100,5.1,overcast clouds
247,Sur,OM,22.5667,59.5289,70.25,61,0,9.8,clear sky
248,Nyurba,RU,63.2842,118.3319,-11.18,97,100,6.11,overcast clouds
249,Balkhash,KZ,46.844,74.9804,17.85,97,100,1.61,overcast clouds
250,Lerwick,GB,60.1545,-1.1494,42.8,88,100,33.06,overcast clouds
251,Trairi,BR,-3.2778,-39.2689,82.44,71,100,7.54,overcast clouds
252,Dunedin,NZ,-45.8742,170.5036,56.8,76,0,3.0,clear sky
253,Antsohihy,MG,-14.8796,47.9875,82.85,78,63,5.64,light rain
254,San Patricio,US,28.017,-97.5169,51.84,86,99,10.04,overcast clouds
255,Belle Glade,US,26.6845,-80.6676,73.99,84,75,3.29,broken clouds
256,Huadian,CN,42.9633,126.7478,-0.38,97,7,0.83,clear sky
257,Marawi,PH,7.9986,124.2928,68.65,84,47,2.15,scattered clouds
258,Santa Cruz Del Sur,CU,20.7147,-77.9956,77.18,61,5,15.14,light rain
259,Haapiti,PF,-17.5667,-149.8667,74.93,74,98,19.15,light rain
260,Seddon,AU,-37.8068,144.8916,65.71,75,0,9.22,clear sky
261,Sobolevo,RU,54.4299,31.8996,32.94,98,100,12.01,light snow
262,Ilheus,BR,-14.7889,-39.0494,85.82,74,20,4.61,few clouds
263,Coihaique,CL,-45.5752,-72.0662,70.41,59,0,8.05,clear sky
264,Taikang,CN,46.8333,124.4167,2.91,95,46,5.91,scattered clouds
265,Tuatapere,NZ,-46.1333,167.6833,47.82,87,2,3.83,clear sky
266,Ngunguru,NZ,-35.6167,174.5,74.16,98,99,7.81,overcast clouds
267,Puerto Padre,CU,21.195,-76.6028,78.01,54,26,13.13,scattered clouds
268,Vestmanna,FO,62.1564,-7.1664,43.72,65,75,11.5,broken clouds
269,Torbay,CA,47.6666,-52.7314,17.58,73,20,13.8,few clouds
270,Floro,NO,61.5996,5.0328,38.97,93,75,11.5,broken clouds
271,Tsaratanana,MG,-16.7833,47.65,79.88,77,77,6.38,light rain
272,Bundaberg,AU,-24.85,152.35,67.21,86,0,6.91,clear sky
273,Okato,NZ,-39.2,173.8833,70.92,80,59,6.44,light rain
274,Samarai,PG,-10.6167,150.6667,81.07,79,100,9.95,overcast clouds
275,Rocha,UY,-34.4833,-54.3333,68.58,73,79,15.82,broken clouds
276,Chabahar,IR,25.2919,60.643,70.83,55,0,13.15,clear sky
277,Meadow Lake,US,34.8014,-106.5436,27.14,76,0,2.13,clear sky
278,Florence,IT,43.7667,11.25,62.31,33,20,17.0,few clouds
279,Santa Lucia,ES,27.9117,-15.5407,63.72,68,20,16.11,few clouds
280,Road Town,VG,18.4167,-64.6167,80.64,65,20,12.66,few clouds
281,Ugoofaaru,MV,5.6667,73.0,80.8,73,33,11.01,scattered clouds
282,Cholet,FR,47.1667,-1.0,57.31,64,8,7.38,clear sky
283,Laborie,LC,13.75,-60.9833,82.0,70,40,20.71,scattered clouds
284,Lavrentiya,RU,65.5833,-171.0,-24.52,91,9,10.69,clear sky
285,Cidreira,BR,-30.1811,-50.2056,73.83,41,0,16.73,clear sky
286,Saint-Louis,SN,16.3333,-15.0,97.27,5,3,10.36,clear sky
287,Luena,AO,-11.7833,19.9167,70.54,77,94,9.69,light rain
288,Lar,IN,26.2039,83.9717,57.2,65,0,4.76,clear sky
289,Douglas,US,41.3,-96.167,34.99,70,100,5.75,overcast clouds
290,Shablykino,RU,52.8566,35.1964,32.31,98,100,14.97,snow
291,Hay River,CA,60.8156,-115.7999,1.38,85,100,6.91,light snow
292,Sarny,UA,51.338,26.6019,34.39,99,100,3.62,overcast clouds
293,Kaitangata,NZ,-46.2817,169.8464,53.92,79,19,2.04,few clouds
294,Lagoa,PT,39.05,-27.9833,59.18,71,0,14.07,clear sky
295,Sorong,ID,-0.8833,131.25,79.81,81,53,5.28,light rain
296,Mikun,RU,62.3547,50.0771,16.47,96,100,5.03,overcast clouds
297,Constitucion,CL,-35.3333,-72.4167,67.42,65,60,4.56,broken clouds
298,Kanpur,IN,26.4667,80.35,60.67,55,0,2.93,clear sky
299,Urucara,BR,-2.5364,-57.76,76.26,89,100,2.73,overcast clouds
300,Piterka,RU,50.6803,47.4454,14.11,99,21,2.71,few clouds
301,Palembang,ID,-2.9167,104.7458,80.69,83,40,3.44,scattered clouds
302,Cordoba,AR,-31.4135,-64.1811,70.65,52,0,8.05,clear sky
303,Lumeje,AO,-11.55,20.7833,76.28,65,100,9.78,light rain
304,Bouna,CI,9.2667,-3.0,96.94,10,99,6.96,overcast clouds
305,Crotone,IT,39.0851,17.1178,58.95,62,0,21.85,clear sky
306,Payo,ID,-3.7508,103.6372,73.4,96,86,3.13,overcast clouds
307,Saint-Augustin,CA,51.226,-58.6502,3.4,94,100,3.38,light snow
308,Axim,GH,4.8699,-2.2405,83.14,71,46,11.79,light rain
309,Verkhnetulomskiy,RU,68.6073,31.7962,19.53,97,100,2.51,light snow
310,San Cristobal,VE,7.7669,-72.225,68.18,56,69,2.91,broken clouds
311,Novopokrovka,UA,49.8425,36.5477,34.18,100,100,13.42,light snow
312,Aromashevo,RU,56.8602,68.6375,5.97,91,16,8.61,few clouds
313,Kikwit,CD,-5.041,18.8162,87.28,52,84,4.09,broken clouds
314,Moussoro,TD,13.6408,16.4901,87.21,8,52,12.95,broken clouds
315,Tahe,CN,52.3333,124.7333,-4.23,100,91,3.04,overcast clouds
316,Geraldton,AU,-28.7667,114.6,68.41,60,0,13.8,clear sky
317,Portland,US,45.5234,-122.6762,42.17,94,40,5.75,scattered clouds
318,Plainview,US,40.7765,-73.4673,35.58,84,100,9.22,mist
319,Killybegs,IE,54.6333,-8.45,52.45,81,100,24.29,overcast clouds
320,Odweyne,SO,9.4092,45.064,80.08,37,73,16.71,broken clouds
321,Kedrovyy,RU,56.1667,91.8167,14.41,98,100,4.7,overcast clouds
322,Sakakah,SA,29.9697,40.2064,63.97,27,0,4.23,clear sky
323,Lufilufi,WS,-13.8745,-171.5986,74.98,76,100,7.85,light rain
324,Nouadhibou,MR,20.931,-17.0347,73.38,64,57,9.22,broken clouds
325,Newport,GB,51.5877,-2.9984,53.17,91,98,12.1,overcast clouds
326,Alamosa,US,37.4695,-105.87,11.71,84,0,3.44,clear sky
327,Kaoma,ZM,-14.7833,24.8,69.96,82,82,3.69,broken clouds
328,Avera,US,33.194,-82.5271,39.7,75,98,8.05,overcast clouds
329,Travagliato,IT,45.5191,10.0805,58.87,18,0,14.97,clear sky
330,Businga,CD,3.3333,20.8833,97.41,12,61,4.92,broken clouds
331,Kavieng,PG,-2.5744,150.7967,81.57,77,95,3.78,overcast clouds
332,Kudahuvadhoo,MV,2.6708,72.8944,81.7,73,47,12.73,scattered clouds
333,Bathsheba,BB,13.2167,-59.5167,83.01,69,40,20.71,scattered clouds
334,Cravo Norte,CO,6.3017,-70.2041,89.98,41,80,11.63,broken clouds
335,Tarbagatay,RU,51.4803,107.3602,8.13,94,100,3.11,overcast clouds
336,Torata,PE,-17.0769,-70.8433,66.36,48,19,7.74,few clouds
337,Tyrma,RU,50.0833,132.1667,-12.12,100,85,1.16,overcast clouds
338,Chajul,GT,15.4853,-91.0342,51.57,66,30,3.04,scattered clouds
339,Port-Gentil,GA,-0.7193,8.7815,87.76,66,40,10.36,scattered clouds
340,Teberda,RU,43.4456,41.7448,22.01,79,99,8.75,overcast clouds
341,Henties Bay,NA,-22.116,14.2845,70.68,82,98,10.51,overcast clouds
342,Litovko,RU,49.2361,135.1742,-12.21,100,100,1.88,overcast clouds
343,Ust-Nera,RU,64.5667,143.2,-27.02,75,21,0.78,few clouds
344,Aksu,CN,41.1231,80.2644,26.55,51,33,5.08,scattered clouds
345,Tosya,TR,41.0155,34.0401,28.54,91,18,4.99,few clouds
346,Harlingen,US,26.1906,-97.6961,57.2,97,100,14.97,heavy intensity rain
347,Peru,US,40.7537,-86.0689,24.69,84,75,13.8,broken clouds
348,Yantal,RU,56.8471,105.2542,10.02,98,100,4.03,overcast clouds
349,Vardo,NO,70.3705,31.1107,24.78,80,75,16.11,broken clouds
350,Kupang,ID,-10.1667,123.5833,79.56,83,100,2.48,overcast clouds
351,Begoro,GH,6.3871,-0.3774,92.01,28,91,6.06,overcast clouds
352,Plettenberg Bay,ZA,-34.0527,23.3716,73.87,58,56,2.46,broken clouds
353,Nishihara,JP,26.1842,127.7558,68.05,75,75,17.27,broken clouds
354,Leshukonskoye,RU,64.8989,45.7622,12.79,94,90,7.83,overcast clouds
355,Sioux Lookout,CA,50.1001,-91.917,-1.82,77,75,4.61,broken clouds
356,Grand Gaube,MU,-20.0064,57.6608,82.8,76,47,5.99,scattered clouds
357,Vrangel,RU,42.7297,133.0839,18.39,61,0,8.88,clear sky
358,Warwick,US,41.7001,-71.4162,34.93,91,100,4.61,overcast clouds
359,Vizinga,RU,61.0749,50.1031,13.93,98,100,4.29,overcast clouds
360,Asbe Teferi,ET,9.0833,40.8667,69.73,52,82,9.71,broken clouds
361,Bambanglipuro,ID,-7.95,110.2833,65.61,85,100,5.17,overcast clouds
362,Humaita,BR,-7.5061,-63.0208,73.78,96,100,2.42,overcast clouds
363,Annecy-Le-Vieux,FR,45.9197,6.1439,46.98,42,0,11.5,clear sky
364,Washington,US,47.5001,-120.5015,47.44,86,70,2.95,broken clouds
365,Riyadh,SA,24.6877,46.7219,66.34,21,3,11.63,clear sky
366,Melhus,NO,63.2855,10.2781,37.08,89,80,3.69,broken clouds
367,Vokhtoga,RU,58.8147,41.0461,17.83,95,100,8.81,overcast clouds
368,Comodoro Rivadavia,AR,-45.8667,-67.5,75.06,50,0,5.75,clear sky
369,Russell,US,32.3502,-85.1999,47.37,69,100,4.61,overcast clouds
370,Dahuk,IQ,36.8695,42.994,44.67,60,5,2.64,clear sky
371,Iracoubo,GF,5.4802,-53.2011,81.14,79,76,9.33,broken clouds
372,Maldonado,UY,-34.6667,-54.9167,67.39,73,83,15.66,broken clouds
373,Kulhudhuffushi,MV,6.6221,73.07,80.31,71,51,10.63,broken clouds
374,Inuvik,CA,68.3499,-133.7218,-33.74,67,20,6.91,few clouds
375,Northam,GB,51.0333,-4.2167,54.91,96,100,15.46,overcast clouds
376,Roma,US,43.2128,-75.4557,30.09,79,0,9.22,clear sky
377,Zhangjiakou,CN,40.81,114.8794,17.69,51,65,5.01,light snow
378,Prosperidad,PH,10.5161,123.3064,68.52,94,31,6.89,scattered clouds
379,Coquimbo,CL,-29.9533,-71.3436,62.33,88,100,8.05,overcast clouds
380,Mehriz,IR,31.5917,54.4318,50.5,27,1,7.02,clear sky
381,Hare Bay,CA,48.8499,-54.0148,10.0,42,47,8.75,scattered clouds
382,Beruwala,LK,6.4788,79.9828,80.65,71,100,5.86,overcast clouds
383,Cervo,ES,43.6702,-7.4101,55.29,77,14,7.34,few clouds
384,College,US,64.8569,-147.8028,-4.41,78,100,0.0,haze
385,Corinto,GR,37.9407,22.9573,64.76,68,5,6.44,clear sky
386,Tadine,NC,-21.55,167.8833,78.71,90,98,9.64,overcast clouds
387,Ramgarh,IN,23.6333,85.5167,68.05,36,0,3.09,clear sky
388,Itaporanga,BR,-7.3044,-38.1503,93.92,36,77,3.65,broken clouds
389,Hurricane,US,37.1753,-113.2899,32.86,43,0,6.4,clear sky
390,Myrtle Beach,US,33.6891,-78.8867,46.02,91,100,9.22,light rain
391,Jogindarnagar,IN,31.9833,76.7667,47.55,63,4,7.56,clear sky
392,Aksarka,RU,66.5606,67.7975,0.54,93,100,8.34,overcast clouds
393,Umtata,ZA,-31.5889,28.7844,84.76,54,20,9.22,light rain
394,Rajpura,IN,30.4831,76.595,56.17,67,4,7.63,clear sky
395,Tiznit,MA,29.5833,-9.5,76.6,11,3,10.49,clear sky
396,Casablanca,MA,33.5928,-7.6192,79.02,64,0,4.61,clear sky
397,Moose Factory,CA,51.2585,-80.6094,-16.62,76,0,3.44,clear sky
398,Owando,CG,-0.4819,15.8999,100.54,15,11,2.01,few clouds
399,Amahai,ID,-3.3333,128.9167,79.16,84,79,3.29,broken clouds
400,Kalnibolotskaya,RU,46.0058,40.4568,36.05,88,100,9.44,overcast clouds
401,Oranjemund,NA,-28.55,16.4333,73.13,62,12,17.85,few clouds
402,Athabasca,CA,54.7169,-113.2854,30.61,77,100,8.97,overcast clouds
403,Nguruka,TZ,-5.1092,31.0419,74.8,72,67,2.08,light rain
404,Chitral,PK,35.8462,71.7858,29.41,71,15,5.66,few clouds
405,Inhambane,MZ,-23.865,35.3833,87.78,62,40,16.11,scattered clouds
406,Mersing,MY,2.4312,103.8405,73.31,100,98,5.75,heavy intensity rain
407,Whitianga,NZ,-36.8333,175.7,70.54,99,100,4.99,overcast clouds
408,North Bend,US,43.4065,-124.2243,43.86,100,40,3.44,scattered clouds
409,Mayumba,GA,-3.432,10.6554,81.34,80,44,9.26,light rain
410,Karonga,MW,-9.9333,33.9333,76.57,79,68,2.21,light rain
411,Leningradskiy,RU,69.3833,178.4167,-30.17,100,6,5.23,clear sky
412,Guerrero Negro,MX,27.9769,-114.0611,57.78,47,0,2.89,clear sky
413,Pangody,RU,65.85,74.4859,-7.87,97,78,9.64,broken clouds
414,Arang,IN,21.2,81.9667,73.72,22,16,4.52,few clouds
415,Njombe,TZ,-9.3333,34.7667,60.82,94,89,7.27,light rain
416,Codrington,AU,-38.2667,141.9667,63.91,63,0,11.92,clear sky
417,Jacmel,HT,18.2342,-72.5347,78.64,59,7,3.6,clear sky
418,Port Jervis,US,41.3751,-74.6927,32.83,88,100,2.1,overcast clouds
419,Santa Isabel Do Rio Negro,BR,-0.4139,-65.0192,81.5,85,98,4.63,overcast clouds
420,Brae,GB,60.3964,-1.353,42.71,90,100,33.96,overcast clouds
421,Batemans Bay,AU,-35.7167,150.1833,65.1,90,90,5.57,overcast clouds
422,Berberati,CF,4.2612,15.7922,98.04,10,6,5.41,clear sky
423,Caravelas,BR,-17.7125,-39.2481,86.32,60,67,8.99,broken clouds
424,Opuwo,NA,-18.0607,13.84,76.93,54,99,3.29,light rain
425,Hobyo,SO,5.3505,48.5268,77.95,69,61,19.46,broken clouds
426,Nikki,BJ,9.9401,3.2108,95.74,9,26,5.91,scattered clouds
427,Acarau,BR,-2.8856,-40.12,85.44,64,96,10.63,overcast clouds
428,Tabas,IR,33.5959,56.9244,54.09,33,97,7.2,overcast clouds
429,Tocopilla,CL,-22.092,-70.1979,73.6,65,12,8.32,few clouds
430,Richards Bay,ZA,-28.783,32.0377,78.67,70,18,7.7,few clouds
431,Severnyy,RU,50.677,36.5532,33.84,93,100,11.18,light rain and snow
432,Baykit,RU,61.67,96.37,-4.18,96,100,3.83,overcast clouds
433,Sinnamary,GF,5.3833,-52.95,81.95,76,88,9.24,overcast clouds
434,Bandarbeyla,SO,9.4942,50.8122,76.23,69,60,16.69,broken clouds
435,Solnechnyy,RU,50.7214,136.6319,-8.25,97,71,3.29,broken clouds
436,Touba,CI,8.2833,-7.6833,94.3,11,88,6.33,overcast clouds
437,Khasan,RU,42.4308,130.6434,22.55,57,29,8.59,scattered clouds
438,Usinsk,RU,65.9939,57.5281,10.42,90,100,10.87,overcast clouds
439,Samana,DO,19.2056,-69.3369,75.42,94,20,0.0,few clouds
440,Warrnambool,AU,-38.3833,142.4833,64.81,72,0,11.45,clear sky
441,Sumkino,RU,58.1108,68.3244,10.17,91,25,8.9,scattered clouds
442,Sembe,CG,1.6481,14.5806,98.82,15,81,4.16,broken clouds
443,Marsh Harbour,BS,26.5412,-77.0636,74.5,67,0,10.49,clear sky
444,Chunoyar,RU,57.4467,97.3217,10.78,95,97,4.99,overcast clouds
445,Pisco,PE,-13.7,-76.2167,68.02,94,40,5.75,mist
446,Aksarayskiy,RU,46.7924,48.0119,33.75,92,86,3.04,overcast clouds
447,The Pas,CA,53.8251,-101.2541,10.42,85,100,8.05,overcast clouds
448,Valera,VE,9.3178,-70.6036,82.13,60,68,3.96,broken clouds
449,Malakal,SS,9.5334,31.6605,88.54,12,10,9.08,clear sky
450,Komsomolskiy,UZ,40.4272,71.7189,39.92,75,75,4.61,mist
451,Allende,MX,25.2833,-100.0167,51.57,78,100,4.0,overcast clouds
452,Guaruja,BR,-23.9931,-46.2564,78.4,57,100,2.3,mist
453,Honiara,SB,-9.4333,159.95,78.82,89,100,6.15,moderate rain
454,Marquette,US,46.5333,-87.6335,17.37,84,66,10.04,broken clouds
455,Hollister,US,36.8525,-121.4016,56.14,86,0,0.0,clear sky
456,Cherskiy,RU,68.75,161.3,-33.0,100,23,0.65,few clouds
457,Dubai,AE,25.2582,55.3047,72.21,49,20,16.11,few clouds
458,Mareeba,AU,-17.0,145.4333,72.32,91,67,1.45,broken clouds
459,Mao,ES,39.8885,4.2658,57.76,67,0,12.66,clear sky
460,Whitehorse,CA,60.7161,-135.0538,26.02,93,100,5.41,overcast clouds
461,Japura,ID,-0.3167,102.35,74.75,96,100,3.27,overcast clouds
462,Polonnaruwa,LK,7.9333,81.0,73.74,81,100,2.75,overcast clouds
463,Belleville,CA,44.1788,-77.3705,32.81,74,75,3.44,broken clouds
464,Coolum Beach,AU,-26.5333,153.1,70.11,80,50,1.01,scattered clouds
465,Sesheke,ZM,-17.4759,24.2968,75.0,77,79,6.87,moderate rain
466,Kismayo,SO,-0.3582,42.5454,79.29,78,6,19.3,clear sky
467,Nandu,CN,22.8525,110.8233,57.99,95,98,4.59,overcast clouds
468,Novikovo,RU,51.1537,37.8879,33.39,98,100,13.47,snow
469,Bilma,NE,18.6853,12.9164,80.19,7,0,14.94,clear sky
470,Pavlodar,KZ,52.3,76.95,4.8,85,0,8.95,clear sky
471,Aykhal,RU,66.0,111.5,-17.91,99,99,7.2,overcast clouds
472,Sumbe,AO,-11.2061,13.8437,80.6,69,40,6.91,scattered clouds
473,Nieuw Amsterdam,SR,5.8833,-55.0833,86.02,73,40,11.5,scattered clouds
474,Nadvoitsy,RU,63.8667,34.3167,22.37,94,100,8.84,overcast clouds
475,Yumen,CN,40.2833,97.2,20.05,54,33,11.77,scattered clouds
476,San Carlos De Bariloche,AR,-41.1456,-71.3082,71.35,24,0,3.44,clear sky
477,Kilimatinde,TZ,-5.85,34.95,66.9,86,100,3.71,overcast clouds
478,Baruun-Urt,MN,46.6806,113.2792,3.67,91,15,7.2,few clouds
479,Ploemeur,FR,47.7333,-3.4333,55.99,89,75,6.91,broken clouds
480,Alexandria,EG,31.2156,29.9553,66.74,72,0,10.36,clear sky
481,Surt,LY,31.2089,16.5887,63.57,45,99,5.12,overcast clouds
482,Taitung,TW,22.7583,121.1444,69.71,88,99,4.23,overcast clouds
483,Pascagoula,US,30.3658,-88.5561,44.62,83,75,3.44,broken clouds
484,Ciudad Bolivar,VE,8.1222,-63.5497,88.59,45,25,11.97,scattered clouds
485,Corrales,US,35.2378,-106.6067,30.06,70,0,0.0,clear sky
486,Kaele,CM,10.1092,14.4508,91.56,8,6,8.28,clear sky
487,Sainte-Suzanne,RE,-20.9061,55.6089,82.62,82,20,14.97,light rain
488,Toguchin,RU,55.2353,84.3858,-5.06,100,49,2.44,scattered clouds
489,Bayevo,RU,53.2833,80.7667,4.53,90,84,6.6,broken clouds
490,Sennoy,RU,52.1509,46.9631,6.87,99,24,2.24,few clouds
491,Saint-Pierre,RE,-21.3393,55.4781,82.08,78,100,5.75,overcast clouds
492,Da Nang,VN,16.0678,108.2208,75.18,83,40,1.14,scattered clouds
493,Sikonge,TZ,-5.6333,32.7667,71.53,78,82,6.78,light rain
494,Bay Roberts,CA,47.5999,-53.2648,18.34,68,19,5.01,few clouds
495,Formosa,AR,-26.1775,-58.1781,78.78,34,0,11.5,clear sky
496,Ovalle,CL,-30.5983,-71.2003,77.09,51,0,5.79,clear sky
497,Cabo San Lucas,MX,22.8909,-109.9124,63.52,75,0,1.86,clear sky
498,Mount Vernon,US,40.9126,-73.8371,35.74,89,100,6.91,mist
499,Kassala,SD,15.451,36.4,83.62,21,55,10.16,broken clouds
500,Porto Santo,PT,33.072,-16.3415,66.11,72,75,14.97,broken clouds
501,Evensk,RU,61.95,159.2333,-2.49,70,25,8.25,scattered clouds
502,Oksfjord,NO,70.2396,22.3479,28.58,88,98,8.1,overcast clouds
503,Mitsamiouli,KM,-11.3847,43.2844,84.49,79,40,5.75,light rain
504,Xiongyue,CN,40.1774,122.1228,22.53,56,100,1.28,overcast clouds
505,Nhulunbuy,AU,-12.2333,136.7667,79.41,94,75,0.0,broken clouds
506,Port Blair,IN,11.6667,92.75,78.64,78,54,11.43,broken clouds
507,Kumluca,TR,36.3703,30.2869,53.91,79,59,3.0,broken clouds
508,Encheng,CN,22.1839,112.3026,60.96,70,97,5.08,overcast clouds
509,Sao Joao Da Barra,BR,-21.6403,-41.0511,87.89,77,0,12.03,clear sky
510,Terek,RU,43.4833,44.1361,39.42,66,25,6.08,scattered clouds
511,Akdepe,TM,42.0551,59.3788,39.29,51,18,7.52,few clouds
512,Tchibanga,GA,-2.85,11.0333,84.65,65,58,2.51,light rain
513,Porbandar,IN,21.6422,69.6093,70.48,64,0,11.79,clear sky
514,Kitimat,CA,54.0524,-128.6534,41.38,29,100,1.01,light rain
515,Borba,BR,-4.3878,-59.5939,85.48,67,100,1.03,overcast clouds
516,Mount Isa,AU,-20.7333,139.5,74.97,73,100,10.36,overcast clouds
517,Allonnes,FR,47.9674,0.1581,55.78,50,75,4.61,broken clouds
518,Talara,PE,-4.5772,-81.2719,81.36,54,0,8.05,clear sky
519,San Jose,US,37.3394,-121.895,54.59,62,20,1.01,few clouds
520,Asau,RO,46.4333,26.4,46.96,65,100,7.31,overcast clouds
521,Mahajanga,MG,-15.7167,46.3167,86.02,74,40,11.5,scattered clouds
522,Sosnovka,RU,56.255,51.2842,16.16,98,99,2.73,overcast clouds
523,La Ronge,CA,55.1001,-105.2842,25.05,86,0,5.75,clear sky
524,Emirdag,TR,39.0197,31.15,44.94,82,64,5.93,broken clouds
525,Thunder Bay,CA,48.4001,-89.3168,-1.44,81,20,4.61,few clouds
526,Chifeng,CN,42.2683,118.9636,18.55,53,62,6.4,broken clouds
527,Ust-Kuyga,RU,70.0167,135.6,-43.73,100,99,3.31,overcast clouds
528,Kargil,IN,34.5667,76.1,6.58,91,99,5.64,light snow
529,Alice Springs,AU,-23.7,133.8833,69.35,73,0,4.61,clear sky
530,Tari,NG,12.4086,4.4914,94.01,9,0,10.54,clear sky
531,Pozo Colorado,PY,-23.4923,-58.7972,82.56,34,0,7.85,clear sky
532,Poronaysk,RU,49.2167,143.1167,-2.04,94,43,5.39,scattered clouds
533,Zhoucheng,CN,35.9122,116.3117,38.71,30,100,4.72,overcast clouds
534,Churapcha,RU,62.0025,132.4325,-35.93,100,81,2.15,broken clouds
535,Ipixuna,BR,-1.7625,-48.8043,84.15,72,67,2.57,broken clouds
536,Mpika,ZM,-11.8343,31.4529,64.58,88,99,9.15,light rain
537,Akyab,MM,20.15,92.9,68.25,58,15,16.35,few clouds
538,Rantauprapat,ID,2.1,99.8333,73.38,97,100,1.99,heavy intensity rain
539,Rio Grande,BR,-32.035,-52.0986,77.11,50,4,19.37,clear sky
540,Puerto Penasco,MX,31.3167,-113.5333,58.12,33,0,13.67,clear sky
541,Faanui,PF,-16.4833,-151.75,81.25,75,98,18.16,overcast clouds
542,Makakilo City,US,21.3469,-158.0858,71.92,71,0,13.8,clear sky
543,Palmer,US,42.1584,-72.3287,31.86,87,100,0.0,mist
544,Yerbogachen,RU,61.2767,108.0108,-25.56,100,100,3.56,overcast clouds
545,Azle,US,32.8951,-97.5459,39.94,77,0,8.05,clear sky
546,Mount Pleasant,US,32.7941,-79.8626,43.09,97,100,9.22,overcast clouds
547,Waipawa,NZ,-41.4122,175.5153,59.63,95,100,5.19,overcast clouds
548,La Crosse,US,43.8014,-91.2396,8.51,77,0,3.0,clear sky
549,Rawson,AR,-43.3002,-65.1023,83.19,22,0,17.94,clear sky
550,La Asuncion,VE,11.0333,-63.8628,82.13,78,91,13.8,overcast clouds
551,Benton Harbor,US,42.1167,-86.4542,29.48,83,100,11.01,haze
552,Mbandaka,CD,0.0487,18.2603,93.6,22,4,4.14,clear sky
553,Havelock,US,34.8791,-76.9013,47.98,89,100,12.66,overcast clouds
554,Neokhorion,GR,41.1833,23.25,57.07,80,100,0.96,overcast clouds
555,Bonfim,BR,3.0833,-59.95,88.16,50,97,6.35,overcast clouds
556,Newton,US,42.337,-71.2092,35.4,87,100,1.01,mist
557,Kokopo,PG,-4.352,152.2633,78.75,82,100,6.02,overcast clouds
558,Gorontalo,ID,0.5412,123.0595,74.17,91,93,3.49,overcast clouds
559,Aitape,PG,-3.1374,142.3475,78.51,84,100,1.59,overcast clouds
560,La Rioja,ES,42.25,-2.5,55.31,67,91,8.5,overcast clouds
561,Moerai,PF,-22.4333,-151.3333,79.52,76,73,15.46,broken clouds
562,Qasigiannguit,GL,68.8193,-51.1922,8.85,95,100,16.98,light snow
563,Uyar,RU,55.81,94.3153,11.01,93,100,10.11,overcast clouds
564,Namtsy,RU,62.7161,129.6658,-25.49,100,99,2.17,overcast clouds
565,Ohafia,NG,5.6167,7.8333,98.94,10,19,4.52,few clouds
566,Kingaroy,AU,-26.5333,151.8333,60.84,88,0,3.44,clear sky
567,Wahpeton,US,46.2652,-96.6059,8.94,78,75,14.97,broken clouds
568,Broome,US,42.2506,-75.833,30.36,80,0,8.01,clear sky
569,Pringsewu,ID,-5.3582,104.9744,74.5,94,100,2.3,overcast clouds
570,Vestmannaeyjar,IS,63.4427,-20.2734,32.99,86,40,34.52,snow
571,Batagay-Alyta,RU,67.8006,130.4114,-28.75,95,99,4.76,overcast clouds
572,Udachnyy,RU,66.4167,112.4,-19.5,100,99,4.47,overcast clouds
573,Camacha,PT,33.0833,-16.3333,63.36,72,75,14.97,broken clouds
574,Mokhsogollokh,RU,61.4681,128.9203,-28.84,100,100,2.33,overcast clouds
575,Walvis Bay,NA,-22.9575,14.5053,86.95,45,0,16.11,clear sky
576,Okahandja,NA,-21.9833,16.9167,82.83,36,76,9.75,broken clouds
577,Jumla,NP,29.2747,82.1838,30.42,91,7,5.68,clear sky
578,Castelo Do Piaui,BR,-5.3222,-41.5525,92.43,43,61,0.54,broken clouds
579,Londa,IN,15.4691,74.5191,74.53,88,70,4.83,broken clouds
580,Inta,RU,66.0317,60.1659,3.49,90,100,5.48,overcast clouds
581,Mansfield,GB,53.1333,-1.2,48.78,90,73,5.99,broken clouds
582,Laguna,US,38.421,-121.4238,53.42,89,0,4.61,clear sky
583,Nizhnyaya Poyma,RU,56.1622,97.1933,9.88,96,99,5.86,overcast clouds
584,Adelaide,AU,-34.9333,138.6,82.29,27,0,19.57,clear sky
585,Lamar,US,33.6668,-95.5836,38.35,80,0,5.75,clear sky
586,Nyuksenitsa,RU,60.4128,44.2397,9.73,97,73,5.41,broken clouds
587,Fort Beaufort,ZA,-32.7748,26.6338,89.71,32,0,17.49,clear sky
588,Bonavista,CA,48.6499,-53.1147,17.11,50,16,10.96,few clouds
589,Jalingo,NG,8.8833,11.3667,98.65,9,7,9.42,clear sky
590,Belmonte,BR,-15.8631,-38.8828,86.5,63,21,9.22,few clouds
591,Acari,PE,-15.4311,-74.6158,79.09,62,33,8.41,scattered clouds
592,Lucknow,IN,26.85,80.9167,60.78,82,0,0.0,haze
593,Salinas,US,36.6777,-121.6555,56.97,65,0,8.05,clear sky
594,Urengoy,RU,65.9667,78.3667,-23.62,100,66,4.72,broken clouds
595,Yaan,NG,7.3833,8.5667,99.21,9,42,8.84,scattered clouds
596,Chester,US,40.1254,-75.8749,32.5,88,100,1.01,overcast clouds
597,Dauriya,RU,49.9333,116.8667,-8.28,100,88,1.25,overcast clouds
598,Rusape,ZW,-18.5278,32.1284,68.83,66,90,10.36,overcast clouds
599,Mandera,KE,3.9366,41.867,94.55,18,53,14.58,broken clouds
600,Anadyr,RU,64.75,177.4833,-23.3,76,0,8.95,clear sky
601,Aden,YE,12.7794,45.0367,78.28,68,84,12.26,broken clouds
602,Bull Savanna,JM,17.8868,-77.5902,78.03,58,48,4.14,scattered clouds
603,Vao,NC,-22.6667,167.4833,80.17,86,84,18.57,broken clouds
604,Veraval,IN,20.9,70.3667,69.71,65,3,10.63,clear sky
605,Kaeo,NZ,-35.1,173.7833,74.32,98,99,5.91,overcast clouds
606,Iwaki,JP,37.05,140.8833,35.02,63,68,4.0,broken clouds
607,Bollnas,SE,61.3482,16.3946,33.39,79,9,6.93,clear sky
608,Letlhakane,BW,-21.4167,25.5833,87.24,22,64,9.62,broken clouds
609,Yeniseysk,RU,58.4497,92.1703,7.05,98,92,4.45,overcast clouds
610,Hemnesberget,NO,66.2333,13.6333,37.51,88,97,4.47,overcast clouds
611,Timmins,CA,48.4669,-81.3331,4.82,85,100,5.75,light snow
612,Ilukste,LV,55.9775,26.2966,33.08,96,100,16.31,snow
613,Tual,ID,-5.6667,132.75,83.48,69,41,1.95,scattered clouds
614,Namanga,KE,-2.5433,36.7905,77.13,45,99,5.75,overcast clouds
615,Santa Maria,BR,-29.6842,-53.8069,70.9,49,20,8.05,few clouds
616,Stokmarknes,NO,68.5646,14.9108,32.49,93,75,1.14,broken clouds
617,Ust-Maya,RU,60.4167,134.5333,-31.95,100,94,0.76,overcast clouds
618,Warrington,GB,53.3925,-2.5802,55.85,85,75,10.36,broken clouds
619,Puro,PH,12.4841,123.3827,77.5,87,25,12.1,scattered clouds
620,Wukari,NG,7.85,9.7833,99.57,8,89,9.26,overcast clouds
621,Esso,RU,55.9333,158.7,10.06,94,100,3.56,overcast clouds
622,Namatanai,PG,-3.6667,152.4333,80.04,83,100,3.6,light rain
623,Ekhabi,RU,53.5102,142.9671,10.54,94,100,19.04,light snow
624,Hami,CN,42.8,93.45,26.89,36,9,1.77,clear sky
625,Mae Sai,TH,20.4335,99.8762,67.89,90,1,2.66,clear sky
626,Kungurtug,RU,50.5994,97.5228,-2.97,94,99,1.66,overcast clouds
627,Kununurra,AU,-15.7667,128.7333,76.98,94,75,5.75,moderate rain
628,Ustye,RU,59.6304,39.736,16.54,95,100,9.98,overcast clouds
629,San Policarpo,PH,12.1791,125.5072,79.63,84,71,17.25,broken clouds
630,Benin,BJ,9.5,2.25,98.24,9,68,5.57,broken clouds
631,Ulaangom,MN,49.9811,92.0667,-26.45,95,93,3.31,overcast clouds
632,Bahia Blanca,AR,-38.7196,-62.2724,73.35,40,0,3.38,clear sky
633,Pontianak,ID,-0.0333,109.3333,78.78,88,40,3.44,scattered clouds
634,Ferrol,ES,43.4832,-8.2369,60.35,79,6,15.28,clear sky
635,Conde,BR,-7.2597,-34.9075,87.26,51,20,9.22,few clouds
636,Denpasar,ID,-8.65,115.2167,82.06,78,40,9.22,scattered clouds
637,Williston,US,48.147,-103.618,37.81,74,24,1.99,few clouds
638,Damavand,IR,35.7178,52.065,37.24,76,26,4.29,scattered clouds
639,Port Hardy,CA,50.6996,-127.4199,45.75,93,100,4.61,light intensity shower rain
640,Gainesville,US,29.6516,-82.3248,46.11,100,100,6.91,overcast clouds
641,Alofi,NU,-19.0595,-169.9187,73.29,100,100,1.14,light intensity shower rain
642,Atar,MR,20.5169,-13.0499,90.79,6,95,9.93,overcast clouds
643,Moyale,KE,3.5167,39.0584,85.84,19,83,17.4,broken clouds
644,Lake City,US,30.1897,-82.6393,44.64,100,100,4.61,mist
645,Umm Lajj,SA,25.0213,37.2685,72.25,50,0,20.36,clear sky
646,Ahuimanu,US,21.4447,-157.8378,73.11,74,20,13.8,few clouds
647,Takoradi,GH,4.8845,-1.7554,84.4,67,66,12.41,broken clouds
648,Brisbane,AU,-27.4679,153.0281,68.63,83,0,8.05,clear sky
649,Honningsvag,NO,70.9821,25.9704,26.35,74,0,25.32,clear sky
650,Puerto Baquerizo Moreno,EC,-0.9,-89.6,77.99,73,20,10.36,few clouds
651,Tutoia,BR,-2.7619,-42.2744,89.58,64,68,11.14,broken clouds
652,Ust-Tsilma,RU,65.441,52.1498,15.01,93,100,7.65,overcast clouds
653,Ewa Beach,US,21.3156,-158.0072,73.35,70,0,13.8,clear sky
654,Peterhead,GB,57.5058,-1.7981,50.4,78,100,18.37,overcast clouds
655,Bullhead City,US,35.1478,-114.5683,56.86,27,0,19.57,clear sky
656,Petrokamenskoye,RU,57.716,60.6484,-2.56,100,99,3.71,overcast clouds
657,Karratha,AU,-20.7377,116.8463,84.33,79,92,8.66,overcast clouds
658,Guilin,CN,25.2819,110.2864,42.91,84,93,10.87,overcast clouds
659,Shubarkuduk,KZ,49.1447,56.4872,19.94,97,100,3.69,light snow
660,Safford,US,32.834,-109.7076,42.12,51,0,6.89,clear sky
661,Maningrida,AU,-12.0667,134.2667,80.17,83,100,5.86,overcast clouds
662,Denison,US,33.7557,-96.5367,40.08,71,0,7.0,clear sky
663,Nuuk,GL,64.1835,-51.7216,5.61,85,100,16.11,light snow
664,Williams Lake,CA,52.1415,-122.1445,40.57,56,75,3.44,broken clouds
665,Priargunsk,RU,50.3691,119.1012,-18.27,100,77,1.39,broken clouds
666,Caucaia,BR,-3.7361,-38.6531,87.75,70,75,11.5,broken clouds
667,Drogheda,IE,53.7189,-6.3478,53.19,79,100,21.21,overcast clouds
668,Silver City,US,32.7701,-108.2803,33.67,57,0,5.75,clear sky
669,Helong,CN,42.5397,128.9972,8.67,92,11,4.94,few clouds
670,Shenjiamen,CN,29.9576,122.298,43.48,86,100,16.4,overcast clouds
671,Nadym,RU,65.5333,72.5167,-5.13,94,83,12.73,broken clouds
672,Poum,NC,-20.2333,164.0167,81.05,86,100,27.2,overcast clouds
673,Helena,US,46.5927,-112.0361,33.98,63,0,5.75,clear sky
674,Korcula,HR,42.9622,17.1369,41.56,63,100,24.67,overcast clouds
675,Gari,RU,59.4307,62.3497,2.91,98,86,5.37,overcast clouds
676,Dongsheng,CN,39.8161,109.9776,17.71,36,17,3.04,few clouds
677,Skibbereen,IE,51.55,-9.2667,55.11,84,100,18.23,overcast clouds
678,Illela,NG,13.7292,5.2975,91.0,7,0,14.18,clear sky
679,Nanortalik,GL,60.1432,-45.2371,13.41,73,100,48.07,overcast clouds
680,Thongwa,MM,16.7619,96.5278,74.03,58,6,7.85,clear sky
681,Fengzhen,CN,40.4394,113.1536,18.3,31,40,2.64,scattered clouds
682,Kutum,SD,14.2,24.6667,72.41,9,1,10.69,clear sky
683,Raudeberg,NO,61.9875,5.1352,40.19,89,100,5.99,overcast clouds
684,Uva,RU,56.9908,52.1852,17.47,98,100,1.9,light snow
685,Valparaiso,CL,-33.0393,-71.6273,64.47,89,100,3.44,fog
686,Miyazu,JP,35.5333,135.1833,32.92,94,100,1.32,light snow
687,Abidjan,CI,5.3094,-4.0197,78.76,89,75,12.66,thunderstorm
688,Tshikapa,CD,-6.4167,20.8,85.6,62,77,4.72,broken clouds
689,Sabaudia,IT,41.3003,13.0282,62.64,62,25,13.42,scattered clouds
690,Beloha,MG,-25.1667,45.05,82.94,64,100,15.37,overcast clouds
691,Bandar-E Lengeh,IR,26.5579,54.8807,71.71,43,0,13.8,clear sky
692,Ossora,RU,59.2353,163.0719,7.12,92,99,8.95,overcast clouds
693,Hamilton,US,39.1834,-84.5333,33.4,86,75,5.75,broken clouds
694,Flin Flon,CA,54.7682,-101.865,12.04,85,75,9.22,broken clouds
695,Ucluelet,CA,48.9329,-125.5528,46.09,93,86,4.0,overcast clouds
696,Kenai,US,60.5544,-151.2583,22.03,76,0,20.71,clear sky
697,Marshfield,US,44.6689,-90.1718,13.73,78,100,6.91,overcast clouds
698,Sao Felix Do Xingu,BR,-6.6447,-51.995,82.2,71,100,3.94,overcast clouds
699,Kaspiyskiy,RU,45.3929,47.3707,36.18,73,78,7.52,broken clouds
700,Sinegorye,RU,62.0788,150.477,-18.9,63,21,1.45,few clouds
701,Ellisras,ZA,-23.6649,27.7443,92.7,20,10,4.05,clear sky
